1526127334534	1526213203933	1526214044781
1526214044785	1526213448761	1526214044781
1526214072532	1526213301053	1526214072531
1526214095173	1526213257944	1526214095172
1526214127748	1526212943603	1526214127748
1526214156163	1526213140311	1526214156162
1526214173871	1526213203933	1526214173870
1526214199207	1526084379144	1526214199206
1526214225947	1526213038734	1526214225946
1526214251945	1526213012815	1526214251945
1526215220624	1526213448761	1526215220619
1526216644645	1526213301053	1526216644644
